<?xml version='1.0' encoding='UTF-8'?>
<FDSNStationXML xmlns="http://www.fdsn.org/xml/station/1" schemaVersion="1.0">
  <Source>ObsPy's obspy.io.xseed version 1.1.0</Source>
  <Module>ObsPy 1.1.0</Module>
  <ModuleURI>https://www.obspy.org</ModuleURI>
  <Created>2018-09-06T22:01:47.993077</Created>
  <Network code="NV">
    <Description>Guralp Systems</Description>
    <Station code="KEMF" startDate="2018-07-03T18:15:00">
      <Latitude unit="DEGREES">0.0</Latitude>
      <Longitude unit="DEGREES">0.0</Longitude>
      <Elevation unit="METERS">123456.0</Elevation>
      <Site>
        <Name>Endeavour</Name>
      </Site>
      <CreationDate>2018-09-06T02:34:43</CreationDate>
      <Channel code="HNZ" locationCode="W3" startDate="2018-07-03T18:15:00">
        <Latitude unit="DEGREES">0.0</Latitude>
        <Longitude unit="DEGREES">0.0</Longitude>
        <Elevation unit="METERS">0.0</Elevation>
        <Depth unit="METERS">0.0</Depth>
        <Azimuth unit="DEGREES">0.0</Azimuth>
        <Dip unit="DEGREES">-90.0</Dip>
        <SampleRate>200.0</SampleRate>
        <Sensor>
          <Type>1183</Type>
        </Sensor>
        <Response>
          <InstrumentSensitivity>
            <Value>65498700.0</Value>
            <Frequency>1.0</Frequency>
            <InputUnits>
              <Name>M/S**2</Name>
              <Description>Acceleration in Metres Per Second Squared</Description>
            </InputUnits>
            <OutputUnits>
              <Name>COUNTS</Name>
              <Description>Digital Counts</Description>
            </OutputUnits>
          </InstrumentSensitivity>
          <Stage number="1">
            <PolesZeros>
              <InputUnits>
                <Name>M/S**2</Name>
                <Description>Acceleration in Metres Per Second Squared</Description>
              </InputUnits>
              <OutputUnits>
                <Name>COUNTS</Name>
                <Description>Digital Counts</Description>
              </OutputUnits>
              <PzTransferFunctionType>LAPLACE (RADIANS/SECOND)</PzTransferFunctionType>
              <NormalizationFactor>1014990.0</NormalizationFactor>
              <NormalizationFrequency unit="HERTZ">1.0</NormalizationFrequency>
              <Zero number="0">
                <Real minusError="0.0" plusError="0.0">0.0</Real>
                <Imaginary minusError="0.0" plusError="0.0">0.0</Imaginary>
              </Zero>
              <Pole number="0">
                <Real minusError="-565.487" plusError="-565.487">-565.487</Real>
                <Imaginary minusError="833.779" plusError="833.779">833.779</Imaginary>
              </Pole>
              <Pole number="1">
                <Real minusError="-565.487" plusError="-565.487">-565.487</Real>
                <Imaginary minusError="-833.779" plusError="-833.779">-833.779</Imaginary>
              </Pole>
              <Pole number="2">
                <Real minusError="-0.0464956" plusError="-0.0464956">-0.0464956</Real>
                <Imaginary minusError="0.0" plusError="0.0">0.0</Imaginary>
              </Pole>
            </PolesZeros>
            <StageGain>
              <Value>65498700.0</Value>
              <Frequency>1.0</Frequency>
            </StageGain>
          </Stage>
          <Stage number="2">
            <FIR>
              <InputUnits>
                <Name>COUNTS</Name>
                <Description>Digital Counts</Description>
              </InputUnits>
              <OutputUnits>
                <Name>COUNTS</Name>
                <Description>Digital Counts</Description>
              </OutputUnits>
              <Symmetry>ODD</Symmetry>
              <NumeratorCoefficient>-1.3914904e-09</NumeratorCoefficient>
              <NumeratorCoefficient>-7.5868625e-11</NumeratorCoefficient>
              <NumeratorCoefficient>1.4200877e-09</NumeratorCoefficient>
              <NumeratorCoefficient>2.8499027e-09</NumeratorCoefficient>
              <NumeratorCoefficient>3.8190777e-09</NumeratorCoefficient>
              <NumeratorCoefficient>3.8215773e-09</NumeratorCoefficient>
              <NumeratorCoefficient>2.4064207e-09</NumeratorCoefficient>
              <NumeratorCoefficient>-5.6244574e-10</NumeratorCoefficient>
              <NumeratorCoefficient>-4.6551592e-09</NumeratorCoefficient>
              <NumeratorCoefficient>-8.7699674e-09</NumeratorCoefficient>
              <NumeratorCoefficient>-1.1288737e-08</NumeratorCoefficient>
              <NumeratorCoefficient>-1.053179e-08</NumeratorCoefficient>
              <NumeratorCoefficient>-5.4296423e-09</NumeratorCoefficient>
              <NumeratorCoefficient>3.79412e-09</NumeratorCoefficient>
              <NumeratorCoefficient>1.5210828e-08</NumeratorCoefficient>
              <NumeratorCoefficient>2.5311517e-08</NumeratorCoefficient>
              <NumeratorCoefficient>2.9804952e-08</NumeratorCoefficient>
              <NumeratorCoefficient>2.5000226e-08</NumeratorCoefficient>
              <NumeratorCoefficient>9.4252864e-09</NumeratorCoefficient>
              <NumeratorCoefficient>-1.4870108e-08</NumeratorCoefficient>
              <NumeratorCoefficient>-4.1928271e-08</NumeratorCoefficient>
              <NumeratorCoefficient>-6.284793e-08</NumeratorCoefficient>
              <NumeratorCoefficient>-6.8149231e-08</NumeratorCoefficient>
              <NumeratorCoefficient>-5.107519e-08</NumeratorCoefficient>
              <NumeratorCoefficient>-1.0878236e-08</NumeratorCoefficient>
              <NumeratorCoefficient>4.5127627e-08</NumeratorCoefficient>
              <NumeratorCoefficient>1.0185655e-07</NumeratorCoefficient>
              <NumeratorCoefficient>1.3963625e-07</NumeratorCoefficient>
              <NumeratorCoefficient>1.3993438e-07</NumeratorCoefficient>
              <NumeratorCoefficient>9.2249317e-08</NumeratorCoefficient>
              <NumeratorCoefficient>0.0</NumeratorCoefficient>
              <NumeratorCoefficient>-1.1695791e-07</NumeratorCoefficient>
              <NumeratorCoefficient>-2.2496485e-07</NumeratorCoefficient>
              <NumeratorCoefficient>-2.8472615e-07</NumeratorCoefficient>
              <NumeratorCoefficient>-2.6353065e-07</NumeratorCoefficient>
              <NumeratorCoefficient>-1.4822868e-07</NumeratorCoefficient>
              <NumeratorCoefficient>4.5393434e-08</NumeratorCoefficient>
              <NumeratorCoefficient>2.7098925e-07</NumeratorCoefficient>
              <NumeratorCoefficient>4.6019529e-07</NumeratorCoefficient>
              <NumeratorCoefficient>5.4077426e-07</NumeratorCoefficient>
              <NumeratorCoefficient>4.6031842e-07</NumeratorCoefficient>
              <NumeratorCoefficient>2.0862088e-07</NumeratorCoefficient>
              <NumeratorCoefficient>-1.6927223e-07</NumeratorCoefficient>
              <NumeratorCoefficient>-5.758821e-07</NumeratorCoefficient>
              <NumeratorCoefficient>-8.8252986e-07</NumeratorCoefficient>
              <NumeratorCoefficient>-9.6576255e-07</NumeratorCoefficient>
              <NumeratorCoefficient>-7.4986984e-07</NumeratorCoefficient>
              <NumeratorCoefficient>-2.4238295e-07</NumeratorCoefficient>
              <NumeratorCoefficient>4.5091378e-07</NumeratorCoefficient>
              <NumeratorCoefficient>1.1407705e-06</NumeratorCoefficient>
              <NumeratorCoefficient>1.6001965e-06</NumeratorCoefficient>
              <NumeratorCoefficient>1.6320524e-06</NumeratorCoefficient>
              <NumeratorCoefficient>1.1402636e-06</NumeratorCoefficient>
              <NumeratorCoefficient>1.8158658e-07</NumeratorCoefficient>
              <NumeratorCoefficient>-1.0231328e-06</NumeratorCoefficient>
              <NumeratorCoefficient>-2.1297997e-06</NumeratorCoefficient>
              <NumeratorCoefficient>-2.7604263e-06</NumeratorCoefficient>
              <NumeratorCoefficient>-2.6205924e-06</NumeratorCoefficient>
              <NumeratorCoefficient>-1.6114345e-06</NumeratorCoefficient>
              <NumeratorCoefficient>1.0180872e-07</NumeratorCoefficient>
              <NumeratorCoefficient>2.0952424e-06</NumeratorCoefficient>
              <NumeratorCoefficient>3.777385e-06</NumeratorCoefficient>
              <NumeratorCoefficient>4.5513356e-06</NumeratorCoefficient>
              <NumeratorCoefficient>4.0075255e-06</NumeratorCoefficient>
              <NumeratorCoefficient>2.0893653e-06</NumeratorCoefficient>
              <NumeratorCoefficient>-8.2703715e-07</NumeratorCoefficient>
              <NumeratorCoefficient>-3.9798909e-06</NumeratorCoefficient>
              <NumeratorCoefficient>-6.4017727e-06</NumeratorCoefficient>
              <NumeratorCoefficient>-7.1966346e-06</NumeratorCoefficient>
              <NumeratorCoefficient>-5.8400436e-06</NumeratorCoefficient>
              <NumeratorCoefficient>-2.4091638e-06</NumeratorCoefficient>
              <NumeratorCoefficient>2.3434889e-06</NumeratorCoefficient>
              <NumeratorCoefficient>7.1217243e-06</NumeratorCoefficient>
              <NumeratorCoefficient>1.0413305e-05</NumeratorCoefficient>
              <NumeratorCoefficient>1.0939091e-05</NumeratorCoefficient>
              <NumeratorCoefficient>8.0982523e-06</NumeratorCoefficient>
              <NumeratorCoefficient>2.2657488e-06</NumeratorCoefficient>
              <NumeratorCoefficient>-5.176319e-06</NumeratorCoefficient>
              <NumeratorCoefficient>-1.2124364e-05</NumeratorCoefficient>
              <NumeratorCoefficient>-1.6312601e-05</NumeratorCoefficient>
              <NumeratorCoefficient>-1.6008176e-05</NumeratorCoefficient>
              <NumeratorCoefficient>-1.06402e-05</NumeratorCoefficient>
              <NumeratorCoefficient>-1.1520679e-06</NumeratorCoefficient>
              <NumeratorCoefficient>1.0075805e-05</NumeratorCoefficient>
              <NumeratorCoefficient>1.9770586e-05</NumeratorCoefficient>
              <NumeratorCoefficient>2.4672866e-05</NumeratorCoefficient>
              <NumeratorCoefficient>2.2567268e-05</NumeratorCoefficient>
              <NumeratorCoefficient>1.3128197e-05</NumeratorCoefficient>
              <NumeratorCoefficient>-1.7134926e-06</NumeratorCoefficient>
              <NumeratorCoefficient>-1.8065588e-05</NumeratorCoefficient>
              <NumeratorCoefficient>-3.1029033e-05</NumeratorCoefficient>
              <NumeratorCoefficient>-3.6099904e-05</NumeratorCoefficient>
              <NumeratorCoefficient>-3.0636361e-05</NumeratorCoefficient>
              <NumeratorCoefficient>-1.4936201e-05</NumeratorCoefficient>
              <NumeratorCoefficient>7.4666179e-06</NumeratorCoefficient>
              <NumeratorCoefficient>3.0482833e-05</NumeratorCoefficient>
              <NumeratorCoefficient>4.7039498e-05</NumeratorCoefficient>
              <NumeratorCoefficient>5.1163443e-05</NumeratorCoefficient>
              <NumeratorCoefficient>3.9987597e-05</NumeratorCoefficient>
              <NumeratorCoefficient>1.5040358e-05</NumeratorCoefficient>
              <NumeratorCoefficient>-1.7677054e-05</NumeratorCoefficient>
              <NumeratorCoefficient>-4.9001375e-05</NumeratorCoefficient>
              <NumeratorCoefficient>-6.9068141e-05</NumeratorCoefficient>
              <NumeratorCoefficient>-7.0294213e-05</NumeratorCoefficient>
              <NumeratorCoefficient>-5.0013104e-05</NumeratorCoefficient>
              <NumeratorCoefficient>-1.1897642e-05</NumeratorCoefficient>
              <NumeratorCoefficient>3.4420018e-05</NumeratorCoefficient>
              <NumeratorCoefficient>7.5627429e-05</NumeratorCoefficient>
              <NumeratorCoefficient>9.8424164e-05</NumeratorCoefficient>
              <NumeratorCoefficient>9.3643072e-05</NumeratorCoefficient>
              <NumeratorCoefficient>5.9567625e-05</NumeratorCoefficient>
              <NumeratorCoefficient>3.3207122e-06</NumeratorCoefficient>
              <NumeratorCoefficient>-6.0327667e-05</NumeratorCoefficient>
              <NumeratorCoefficient>-0.00011265679</NumeratorCoefficient>
              <NumeratorCoefficient>-0.00013633071</NumeratorCoefficient>
              <NumeratorCoefficient>-0.00012090131</NumeratorCoefficient>
              <NumeratorCoefficient>-6.6791901e-05</NumeratorCoefficient>
              <NumeratorCoefficient>1.363986e-05</NumeratorCoefficient>
              <NumeratorCoefficient>9.8607708e-05</NumeratorCoefficient>
              <NumeratorCoefficient>0.00016258294</NumeratorCoefficient>
              <NumeratorCoefficient>0.00018374526</NumeratorCoefficient>
              <NumeratorCoefficient>0.00015108493</NumeratorCoefficient>
              <NumeratorCoefficient>6.8926494e-05</NumeratorCoefficient>
              <NumeratorCoefficient>-4.2792381e-05</NumeratorCoefficient>
              <NumeratorCoefficient>-0.00015301586</NumeratorCoefficient>
              <NumeratorCoefficient>-0.00022794736</NumeratorCoefficient>
              <NumeratorCoefficient>-0.00024112837</NumeratorCoefficient>
              <NumeratorCoefficient>-0.00018228976</NumeratorCoefficient>
              <NumeratorCoefficient>-6.2128941e-05</NumeratorCoefficient>
              <NumeratorCoefficient>8.8864959e-05</NumeratorCoefficient>
              <NumeratorCoefficient>0.00022777007</NumeratorCoefficient>
              <NumeratorCoefficient>0.00031112683</NumeratorCoefficient>
              <NumeratorCoefficient>0.00030816397</NumeratorCoefficient>
              <NumeratorCoefficient>0.00021142843</NumeratorCoefficient>
              <NumeratorCoefficient>4.1309375e-05</NumeratorCoefficient>
              <NumeratorCoefficient>-0.00015751612</NumeratorCoefficient>
              <NumeratorCoefficient>-0.0003273975</NumeratorCoefficient>
              <NumeratorCoefficient>-0.00041405684</NumeratorCoefficient>
              <NumeratorCoefficient>-0.00038343927</NumeratorCoefficient>
              <NumeratorCoefficient>-0.00023396306</NumeratorCoefficient>
              <NumeratorCoefficient>-5.8024926e-19</NumeratorCoefficient>
              <NumeratorCoefficient>0.00025528342</NumeratorCoefficient>
              <NumeratorCoefficient>0.00045651008</NumeratorCoefficient>
              <NumeratorCoefficient>0.00053789624</NumeratorCoefficient>
              <NumeratorCoefficient>0.0004640963</NumeratorCoefficient>
              <NumeratorCoefficient>0.00024364896</NumeratorCoefficient>
              <NumeratorCoefficient>-6.9728572e-05</NumeratorCoefficient>
              <NumeratorCoefficient>-0.00038946376</NumeratorCoefficient>
              <NumeratorCoefficient>-0.00061951126</NumeratorCoefficient>
              <NumeratorCoefficient>-0.00068264328</NumeratorCoefficient>
              <NumeratorCoefficient>-0.00054546965</NumeratorCoefficient>
              <NumeratorCoefficient>-0.00023230248</NumeratorCoefficient>
              <NumeratorCoefficient>0.00017729712</NumeratorCoefficient>
              <NumeratorCoefficient>0.00056792735</NumeratorCoefficient>
              <NumeratorCoefficient>0.00082024437</NumeratorCoefficient>
              <NumeratorCoefficient>0.0008467183</NumeratorCoefficient>
              <NumeratorCoefficient>0.00062072407</NumeratorCoefficient>
              <NumeratorCoefficient>0.00018959991</NumeratorCoefficient>
              <NumeratorCoefficient>-0.00033359735</NumeratorCoefficient>
              <NumeratorCoefficient>-0.00079887886</NumeratorCoefficient>
              <NumeratorCoefficient>-0.0010616015</NumeratorCoefficient>
              <NumeratorCoefficient>-0.00102653</NumeratorCoefficient>
              <NumeratorCoefficient>-0.00068050007</NumeratorCoefficient>
              <NumeratorCoefficient>-0.0001029013</NumeratorCoefficient>
              <NumeratorCoefficient>0.000550941</NumeratorCoefficient>
              <NumeratorCoefficient>0.001090594</NumeratorCoefficient>
              <NumeratorCoefficient>0.0013451195</NumeratorCoefficient>
              <NumeratorCoefficient>0.0012160399</NumeratorCoefficient>
              <NumeratorCoefficient>0.00071256147</NumeratorCoefficient>
              <NumeratorCoefficient>-4.2928781e-05</NumeratorCoefficient>
              <NumeratorCoefficient>-0.00084302285</NumeratorCoefficient>
              <NumeratorCoefficient>-0.0014511786</NumeratorCoefficient>
              <NumeratorCoefficient>-0.0016705973</NumeratorCoefficient>
              <NumeratorCoefficient>-0.0014063299</NumeratorCoefficient>
              <NumeratorCoefficient>-0.00070141369</NumeratorCoefficient>
              <NumeratorCoefficient>0.00026576715</NumeratorCoefficient>
              <NumeratorCoefficient>0.0012249775</NumeratorCoefficient>
              <NumeratorCoefficient>0.0018884223</NumeratorCoefficient>
              <NumeratorCoefficient>0.0020357704</NumeratorCoefficient>
              <NumeratorCoefficient>0.0015851559</NumeratorCoefficient>
              <NumeratorCoefficient>0.00062781635</NumeratorCoefficient>
              <NumeratorCoefficient>-0.00058666678</NumeratorCoefficient>
              <NumeratorCoefficient>-0.001713666</NumeratorCoefficient>
              <NumeratorCoefficient>-0.0024098539</NumeratorCoefficient>
              <NumeratorCoefficient>-0.002436082</NumeratorCoefficient>
              <NumeratorCoefficient>-0.0017364286</NumeratorCoefficient>
              <NumeratorCoefficient>-0.00046803468</NumeratorCoefficient>
              <NumeratorCoefficient>0.0010307021</NumeratorCoefficient>
              <NumeratorCoefficient>0.002328423</NumeratorCoefficient>
              <NumeratorCoefficient>0.0030231657</NumeratorCoefficient>
              <NumeratorCoefficient>0.0028645851</NumeratorCoefficient>
              <NumeratorCoefficient>0.0018394867</NumeratorCoefficient>
              <NumeratorCoefficient>0.00019253014</NumeratorCoefficient>
              <NumeratorCoefficient>-0.0016286287</NumeratorCoefficient>
              <NumeratorCoefficient>-0.003092666</NumeratorCoefficient>
              <NumeratorCoefficient>-0.0037372778</NumeratorCoefficient>
              <NumeratorCoefficient>-0.0033120009</NumeratorCoefficient>
              <NumeratorCoefficient>-0.0018678761</NumeratorCoefficient>
              <NumeratorCoefficient>0.00023649145</NumeratorCoefficient>
              <NumeratorCoefficient>0.0024201235</NumeratorCoefficient>
              <NumeratorCoefficient>0.0040371188</NumeratorCoefficient>
              <NumeratorCoefficient>0.0045645396</NumeratorCoefficient>
              <NumeratorCoefficient>0.0037669524</NumeratorCoefficient>
              <NumeratorCoefficient>0.0017870414</NumeratorCoefficient>
              <NumeratorCoefficient>-0.00086985135</NumeratorCoefficient>
              <NumeratorCoefficient>-0.0034601463</NumeratorCoefficient>
              <NumeratorCoefficient>-0.0052061666</NumeratorCoefficient>
              <NumeratorCoefficient>-0.0055250624</NumeratorCoefficient>
              <NumeratorCoefficient>-0.0042163713</NumeratorCoefficient>
              <NumeratorCoefficient>-0.0015496406</NumeratorCoefficient>
              <NumeratorCoefficient>0.001781046</NumeratorCoefficient>
              <NumeratorCoefficient>0.0048318116</NumeratorCoefficient>
              <NumeratorCoefficient>0.00667071</NumeratorCoefficient>
              <NumeratorCoefficient>0.006655423</NumeratorCoefficient>
              <NumeratorCoefficient>0.0046460659</NumeratorCoefficient>
              <NumeratorCoefficient>0.0010854441</NumeratorCoefficient>
              <NumeratorCoefficient>-0.0030868795</NumeratorCoefficient>
              <NumeratorCoefficient>-0.0066739995</NumeratorCoefficient>
              <NumeratorCoefficient>-0.0085558716</NumeratorCoefficient>
              <NumeratorCoefficient>-0.0080273973</NumeratorCoefficient>
              <NumeratorCoefficient>-0.0050414194</NumeratorCoefficient>
              <NumeratorCoefficient>-0.00027781321</NumeratorCoefficient>
              <NumeratorCoefficient>0.00499557</NumeratorCoefficient>
              <NumeratorCoefficient>0.0092464772</NumeratorCoefficient>
              <NumeratorCoefficient>0.011107252</NumeratorCoefficient>
              <NumeratorCoefficient>0.0097932448</NumeratorCoefficient>
              <NumeratorCoefficient>0.0053881721</NumeratorCoefficient>
              <NumeratorCoefficient>-0.0010978588</NumeratorCoefficient>
              <NumeratorCoefficient>-0.0079346674</NumeratorCoefficient>
              <NumeratorCoefficient>-0.013107238</NumeratorCoefficient>
              <NumeratorCoefficient>-0.014876263</NumeratorCoefficient>
              <NumeratorCoefficient>-0.012315809</NumeratorCoefficient>
              <NumeratorCoefficient>-0.0056732344</NumeratorCoefficient>
              <NumeratorCoefficient>0.0035677012</NumeratorCoefficient>
              <NumeratorCoefficient>0.012967969</NumeratorCoefficient>
              <NumeratorCoefficient>0.01971571</NumeratorCoefficient>
              <NumeratorCoefficient>0.021381119</NumeratorCoefficient>
              <NumeratorCoefficient>0.016656969</NumeratorCoefficient>
              <NumeratorCoefficient>0.005885467</NumeratorCoefficient>
              <NumeratorCoefficient>-0.0087886052</NumeratorCoefficient>
              <NumeratorCoefficient>-0.023714487</NumeratorCoefficient>
              <NumeratorCoefficient>-0.034448203</NumeratorCoefficient>
              <NumeratorCoefficient>-0.036739736</NumeratorCoefficient>
              <NumeratorCoefficient>-0.027573917</NumeratorCoefficient>
              <NumeratorCoefficient>-0.0060163674</NumeratorCoefficient>
              <NumeratorCoefficient>0.02635173</NumeratorCoefficient>
              <NumeratorCoefficient>0.065538791</NumeratorCoefficient>
              <NumeratorCoefficient>0.10579396</NumeratorCoefficient>
              <NumeratorCoefficient>0.14068136</NumeratorCoefficient>
              <NumeratorCoefficient>0.16435091</NumeratorCoefficient>
              <NumeratorCoefficient>0.17272727</NumeratorCoefficient>
            </FIR>
            <Decimation>
              <InputSampleRate unit="HERTZ">5000.0</InputSampleRate>
              <Factor>5</Factor>
              <Offset>0</Offset>
              <Delay>0.05</Delay>
              <Correction>0.05</Correction>
            </Decimation>
            <StageGain>
              <Value>1.0</Value>
              <Frequency>0.005</Frequency>
            </StageGain>
          </Stage>
          <Stage number="3">
            <FIR>
              <InputUnits>
                <Name>COUNTS</Name>
                <Description>Digital Counts</Description>
              </InputUnits>
              <OutputUnits>
                <Name>COUNTS</Name>
                <Description>Digital Counts</Description>
              </OutputUnits>
              <Symmetry>ODD</Symmetry>
              <NumeratorCoefficient>-1.3914904e-09</NumeratorCoefficient>
              <NumeratorCoefficient>-7.5868625e-11</NumeratorCoefficient>
              <NumeratorCoefficient>1.4200877e-09</NumeratorCoefficient>
              <NumeratorCoefficient>2.8499027e-09</NumeratorCoefficient>
              <NumeratorCoefficient>3.8190777e-09</NumeratorCoefficient>
              <NumeratorCoefficient>3.8215773e-09</NumeratorCoefficient>
              <NumeratorCoefficient>2.4064207e-09</NumeratorCoefficient>
              <NumeratorCoefficient>-5.6244574e-10</NumeratorCoefficient>
              <NumeratorCoefficient>-4.6551592e-09</NumeratorCoefficient>
              <NumeratorCoefficient>-8.7699674e-09</NumeratorCoefficient>
              <NumeratorCoefficient>-1.1288737e-08</NumeratorCoefficient>
              <NumeratorCoefficient>-1.053179e-08</NumeratorCoefficient>
              <NumeratorCoefficient>-5.4296423e-09</NumeratorCoefficient>
              <NumeratorCoefficient>3.79412e-09</NumeratorCoefficient>
              <NumeratorCoefficient>1.5210828e-08</NumeratorCoefficient>
              <NumeratorCoefficient>2.5311517e-08</NumeratorCoefficient>
              <NumeratorCoefficient>2.9804952e-08</NumeratorCoefficient>
              <NumeratorCoefficient>2.5000226e-08</NumeratorCoefficient>
              <NumeratorCoefficient>9.4252864e-09</NumeratorCoefficient>
              <NumeratorCoefficient>-1.4870108e-08</NumeratorCoefficient>
              <NumeratorCoefficient>-4.1928271e-08</NumeratorCoefficient>
              <NumeratorCoefficient>-6.284793e-08</NumeratorCoefficient>
              <NumeratorCoefficient>-6.8149231e-08</NumeratorCoefficient>
              <NumeratorCoefficient>-5.107519e-08</NumeratorCoefficient>
              <NumeratorCoefficient>-1.0878236e-08</NumeratorCoefficient>
              <NumeratorCoefficient>4.5127627e-08</NumeratorCoefficient>
              <NumeratorCoefficient>1.0185655e-07</NumeratorCoefficient>
              <NumeratorCoefficient>1.3963625e-07</NumeratorCoefficient>
              <NumeratorCoefficient>1.3993438e-07</NumeratorCoefficient>
              <NumeratorCoefficient>9.2249317e-08</NumeratorCoefficient>
              <NumeratorCoefficient>0.0</NumeratorCoefficient>
              <NumeratorCoefficient>-1.1695791e-07</NumeratorCoefficient>
              <NumeratorCoefficient>-2.2496485e-07</NumeratorCoefficient>
              <NumeratorCoefficient>-2.8472615e-07</NumeratorCoefficient>
              <NumeratorCoefficient>-2.6353065e-07</NumeratorCoefficient>
              <NumeratorCoefficient>-1.4822868e-07</NumeratorCoefficient>
              <NumeratorCoefficient>4.5393434e-08</NumeratorCoefficient>
              <NumeratorCoefficient>2.7098925e-07</NumeratorCoefficient>
              <NumeratorCoefficient>4.6019529e-07</NumeratorCoefficient>
              <NumeratorCoefficient>5.4077426e-07</NumeratorCoefficient>
              <NumeratorCoefficient>4.6031842e-07</NumeratorCoefficient>
              <NumeratorCoefficient>2.0862088e-07</NumeratorCoefficient>
              <NumeratorCoefficient>-1.6927223e-07</NumeratorCoefficient>
              <NumeratorCoefficient>-5.758821e-07</NumeratorCoefficient>
              <NumeratorCoefficient>-8.8252986e-07</NumeratorCoefficient>
              <NumeratorCoefficient>-9.6576255e-07</NumeratorCoefficient>
              <NumeratorCoefficient>-7.4986984e-07</NumeratorCoefficient>
              <NumeratorCoefficient>-2.4238295e-07</NumeratorCoefficient>
              <NumeratorCoefficient>4.5091378e-07</NumeratorCoefficient>
              <NumeratorCoefficient>1.1407705e-06</NumeratorCoefficient>
              <NumeratorCoefficient>1.6001965e-06</NumeratorCoefficient>
              <NumeratorCoefficient>1.6320524e-06</NumeratorCoefficient>
              <NumeratorCoefficient>1.1402636e-06</NumeratorCoefficient>
              <NumeratorCoefficient>1.8158658e-07</NumeratorCoefficient>
              <NumeratorCoefficient>-1.0231328e-06</NumeratorCoefficient>
              <NumeratorCoefficient>-2.1297997e-06</NumeratorCoefficient>
              <NumeratorCoefficient>-2.7604263e-06</NumeratorCoefficient>
              <NumeratorCoefficient>-2.6205924e-06</NumeratorCoefficient>
              <NumeratorCoefficient>-1.6114345e-06</NumeratorCoefficient>
              <NumeratorCoefficient>1.0180872e-07</NumeratorCoefficient>
              <NumeratorCoefficient>2.0952424e-06</NumeratorCoefficient>
              <NumeratorCoefficient>3.777385e-06</NumeratorCoefficient>
              <NumeratorCoefficient>4.5513356e-06</NumeratorCoefficient>
              <NumeratorCoefficient>4.0075255e-06</NumeratorCoefficient>
              <NumeratorCoefficient>2.0893653e-06</NumeratorCoefficient>
              <NumeratorCoefficient>-8.2703715e-07</NumeratorCoefficient>
              <NumeratorCoefficient>-3.9798909e-06</NumeratorCoefficient>
              <NumeratorCoefficient>-6.4017727e-06</NumeratorCoefficient>
              <NumeratorCoefficient>-7.1966346e-06</NumeratorCoefficient>
              <NumeratorCoefficient>-5.8400436e-06</NumeratorCoefficient>
              <NumeratorCoefficient>-2.4091638e-06</NumeratorCoefficient>
              <NumeratorCoefficient>2.3434889e-06</NumeratorCoefficient>
              <NumeratorCoefficient>7.1217243e-06</NumeratorCoefficient>
              <NumeratorCoefficient>1.0413305e-05</NumeratorCoefficient>
              <NumeratorCoefficient>1.0939091e-05</NumeratorCoefficient>
              <NumeratorCoefficient>8.0982523e-06</NumeratorCoefficient>
              <NumeratorCoefficient>2.2657488e-06</NumeratorCoefficient>
              <NumeratorCoefficient>-5.176319e-06</NumeratorCoefficient>
              <NumeratorCoefficient>-1.2124364e-05</NumeratorCoefficient>
              <NumeratorCoefficient>-1.6312601e-05</NumeratorCoefficient>
              <NumeratorCoefficient>-1.6008176e-05</NumeratorCoefficient>
              <NumeratorCoefficient>-1.06402e-05</NumeratorCoefficient>
              <NumeratorCoefficient>-1.1520679e-06</NumeratorCoefficient>
              <NumeratorCoefficient>1.0075805e-05</NumeratorCoefficient>
              <NumeratorCoefficient>1.9770586e-05</NumeratorCoefficient>
              <NumeratorCoefficient>2.4672866e-05</NumeratorCoefficient>
              <NumeratorCoefficient>2.2567268e-05</NumeratorCoefficient>
              <NumeratorCoefficient>1.3128197e-05</NumeratorCoefficient>
              <NumeratorCoefficient>-1.7134926e-06</NumeratorCoefficient>
              <NumeratorCoefficient>-1.8065588e-05</NumeratorCoefficient>
              <NumeratorCoefficient>-3.1029033e-05</NumeratorCoefficient>
              <NumeratorCoefficient>-3.6099904e-05</NumeratorCoefficient>
              <NumeratorCoefficient>-3.0636361e-05</NumeratorCoefficient>
              <NumeratorCoefficient>-1.4936201e-05</NumeratorCoefficient>
              <NumeratorCoefficient>7.4666179e-06</NumeratorCoefficient>
              <NumeratorCoefficient>3.0482833e-05</NumeratorCoefficient>
              <NumeratorCoefficient>4.7039498e-05</NumeratorCoefficient>
              <NumeratorCoefficient>5.1163443e-05</NumeratorCoefficient>
              <NumeratorCoefficient>3.9987597e-05</NumeratorCoefficient>
              <NumeratorCoefficient>1.5040358e-05</NumeratorCoefficient>
              <NumeratorCoefficient>-1.7677054e-05</NumeratorCoefficient>
              <NumeratorCoefficient>-4.9001375e-05</NumeratorCoefficient>
              <NumeratorCoefficient>-6.9068141e-05</NumeratorCoefficient>
              <NumeratorCoefficient>-7.0294213e-05</NumeratorCoefficient>
              <NumeratorCoefficient>-5.0013104e-05</NumeratorCoefficient>
              <NumeratorCoefficient>-1.1897642e-05</NumeratorCoefficient>
              <NumeratorCoefficient>3.4420018e-05</NumeratorCoefficient>
              <NumeratorCoefficient>7.5627429e-05</NumeratorCoefficient>
              <NumeratorCoefficient>9.8424164e-05</NumeratorCoefficient>
              <NumeratorCoefficient>9.3643072e-05</NumeratorCoefficient>
              <NumeratorCoefficient>5.9567625e-05</NumeratorCoefficient>
              <NumeratorCoefficient>3.3207122e-06</NumeratorCoefficient>
              <NumeratorCoefficient>-6.0327667e-05</NumeratorCoefficient>
              <NumeratorCoefficient>-0.00011265679</NumeratorCoefficient>
              <NumeratorCoefficient>-0.00013633071</NumeratorCoefficient>
              <NumeratorCoefficient>-0.00012090131</NumeratorCoefficient>
              <NumeratorCoefficient>-6.6791901e-05</NumeratorCoefficient>
              <NumeratorCoefficient>1.363986e-05</NumeratorCoefficient>
              <NumeratorCoefficient>9.8607708e-05</NumeratorCoefficient>
              <NumeratorCoefficient>0.00016258294</NumeratorCoefficient>
              <NumeratorCoefficient>0.00018374526</NumeratorCoefficient>
              <NumeratorCoefficient>0.00015108493</NumeratorCoefficient>
              <NumeratorCoefficient>6.8926494e-05</NumeratorCoefficient>
              <NumeratorCoefficient>-4.2792381e-05</NumeratorCoefficient>
              <NumeratorCoefficient>-0.00015301586</NumeratorCoefficient>
              <NumeratorCoefficient>-0.00022794736</NumeratorCoefficient>
              <NumeratorCoefficient>-0.00024112837</NumeratorCoefficient>
              <NumeratorCoefficient>-0.00018228976</NumeratorCoefficient>
              <NumeratorCoefficient>-6.2128941e-05</NumeratorCoefficient>
              <NumeratorCoefficient>8.8864959e-05</NumeratorCoefficient>
              <NumeratorCoefficient>0.00022777007</NumeratorCoefficient>
              <NumeratorCoefficient>0.00031112683</NumeratorCoefficient>
              <NumeratorCoefficient>0.00030816397</NumeratorCoefficient>
              <NumeratorCoefficient>0.00021142843</NumeratorCoefficient>
              <NumeratorCoefficient>4.1309375e-05</NumeratorCoefficient>
              <NumeratorCoefficient>-0.00015751612</NumeratorCoefficient>
              <NumeratorCoefficient>-0.0003273975</NumeratorCoefficient>
              <NumeratorCoefficient>-0.00041405684</NumeratorCoefficient>
              <NumeratorCoefficient>-0.00038343927</NumeratorCoefficient>
              <NumeratorCoefficient>-0.00023396306</NumeratorCoefficient>
              <NumeratorCoefficient>-5.8024926e-19</NumeratorCoefficient>
              <NumeratorCoefficient>0.00025528342</NumeratorCoefficient>
              <NumeratorCoefficient>0.00045651008</NumeratorCoefficient>
              <NumeratorCoefficient>0.00053789624</NumeratorCoefficient>
              <NumeratorCoefficient>0.0004640963</NumeratorCoefficient>
              <NumeratorCoefficient>0.00024364896</NumeratorCoefficient>
              <NumeratorCoefficient>-6.9728572e-05</NumeratorCoefficient>
              <NumeratorCoefficient>-0.00038946376</NumeratorCoefficient>
              <NumeratorCoefficient>-0.00061951126</NumeratorCoefficient>
              <NumeratorCoefficient>-0.00068264328</NumeratorCoefficient>
              <NumeratorCoefficient>-0.00054546965</NumeratorCoefficient>
              <NumeratorCoefficient>-0.00023230248</NumeratorCoefficient>
              <NumeratorCoefficient>0.00017729712</NumeratorCoefficient>
              <NumeratorCoefficient>0.00056792735</NumeratorCoefficient>
              <NumeratorCoefficient>0.00082024437</NumeratorCoefficient>
              <NumeratorCoefficient>0.0008467183</NumeratorCoefficient>
              <NumeratorCoefficient>0.00062072407</NumeratorCoefficient>
              <NumeratorCoefficient>0.00018959991</NumeratorCoefficient>
              <NumeratorCoefficient>-0.00033359735</NumeratorCoefficient>
              <NumeratorCoefficient>-0.00079887886</NumeratorCoefficient>
              <NumeratorCoefficient>-0.0010616015</NumeratorCoefficient>
              <NumeratorCoefficient>-0.00102653</NumeratorCoefficient>
              <NumeratorCoefficient>-0.00068050007</NumeratorCoefficient>
              <NumeratorCoefficient>-0.0001029013</NumeratorCoefficient>
              <NumeratorCoefficient>0.000550941</NumeratorCoefficient>
              <NumeratorCoefficient>0.001090594</NumeratorCoefficient>
              <NumeratorCoefficient>0.0013451195</NumeratorCoefficient>
              <NumeratorCoefficient>0.0012160399</NumeratorCoefficient>
              <NumeratorCoefficient>0.00071256147</NumeratorCoefficient>
              <NumeratorCoefficient>-4.2928781e-05</NumeratorCoefficient>
              <NumeratorCoefficient>-0.00084302285</NumeratorCoefficient>
              <NumeratorCoefficient>-0.0014511786</NumeratorCoefficient>
              <NumeratorCoefficient>-0.0016705973</NumeratorCoefficient>
              <NumeratorCoefficient>-0.0014063299</NumeratorCoefficient>
              <NumeratorCoefficient>-0.00070141369</NumeratorCoefficient>
              <NumeratorCoefficient>0.00026576715</NumeratorCoefficient>
              <NumeratorCoefficient>0.0012249775</NumeratorCoefficient>
              <NumeratorCoefficient>0.0018884223</NumeratorCoefficient>
              <NumeratorCoefficient>0.0020357704</NumeratorCoefficient>
              <NumeratorCoefficient>0.0015851559</NumeratorCoefficient>
              <NumeratorCoefficient>0.00062781635</NumeratorCoefficient>
              <NumeratorCoefficient>-0.00058666678</NumeratorCoefficient>
              <NumeratorCoefficient>-0.001713666</NumeratorCoefficient>
              <NumeratorCoefficient>-0.0024098539</NumeratorCoefficient>
              <NumeratorCoefficient>-0.002436082</NumeratorCoefficient>
              <NumeratorCoefficient>-0.0017364286</NumeratorCoefficient>
              <NumeratorCoefficient>-0.00046803468</NumeratorCoefficient>
              <NumeratorCoefficient>0.0010307021</NumeratorCoefficient>
              <NumeratorCoefficient>0.002328423</NumeratorCoefficient>
              <NumeratorCoefficient>0.0030231657</NumeratorCoefficient>
              <NumeratorCoefficient>0.0028645851</NumeratorCoefficient>
              <NumeratorCoefficient>0.0018394867</NumeratorCoefficient>
              <NumeratorCoefficient>0.00019253014</NumeratorCoefficient>
              <NumeratorCoefficient>-0.0016286287</NumeratorCoefficient>
              <NumeratorCoefficient>-0.003092666</NumeratorCoefficient>
              <NumeratorCoefficient>-0.0037372778</NumeratorCoefficient>
              <NumeratorCoefficient>-0.0033120009</NumeratorCoefficient>
              <NumeratorCoefficient>-0.0018678761</NumeratorCoefficient>
              <NumeratorCoefficient>0.00023649145</NumeratorCoefficient>
              <NumeratorCoefficient>0.0024201235</NumeratorCoefficient>
              <NumeratorCoefficient>0.0040371188</NumeratorCoefficient>
              <NumeratorCoefficient>0.0045645396</NumeratorCoefficient>
              <NumeratorCoefficient>0.0037669524</NumeratorCoefficient>
              <NumeratorCoefficient>0.0017870414</NumeratorCoefficient>
              <NumeratorCoefficient>-0.00086985135</NumeratorCoefficient>
              <NumeratorCoefficient>-0.0034601463</NumeratorCoefficient>
              <NumeratorCoefficient>-0.0052061666</NumeratorCoefficient>
              <NumeratorCoefficient>-0.0055250624</NumeratorCoefficient>
              <NumeratorCoefficient>-0.0042163713</NumeratorCoefficient>
              <NumeratorCoefficient>-0.0015496406</NumeratorCoefficient>
              <NumeratorCoefficient>0.001781046</NumeratorCoefficient>
              <NumeratorCoefficient>0.0048318116</NumeratorCoefficient>
              <NumeratorCoefficient>0.00667071</NumeratorCoefficient>
              <NumeratorCoefficient>0.006655423</NumeratorCoefficient>
              <NumeratorCoefficient>0.0046460659</NumeratorCoefficient>
              <NumeratorCoefficient>0.0010854441</NumeratorCoefficient>
              <NumeratorCoefficient>-0.0030868795</NumeratorCoefficient>
              <NumeratorCoefficient>-0.0066739995</NumeratorCoefficient>
              <NumeratorCoefficient>-0.0085558716</NumeratorCoefficient>
              <NumeratorCoefficient>-0.0080273973</NumeratorCoefficient>
              <NumeratorCoefficient>-0.0050414194</NumeratorCoefficient>
              <NumeratorCoefficient>-0.00027781321</NumeratorCoefficient>
              <NumeratorCoefficient>0.00499557</NumeratorCoefficient>
              <NumeratorCoefficient>0.0092464772</NumeratorCoefficient>
              <NumeratorCoefficient>0.011107252</NumeratorCoefficient>
              <NumeratorCoefficient>0.0097932448</NumeratorCoefficient>
              <NumeratorCoefficient>0.0053881721</NumeratorCoefficient>
              <NumeratorCoefficient>-0.0010978588</NumeratorCoefficient>
              <NumeratorCoefficient>-0.0079346674</NumeratorCoefficient>
              <NumeratorCoefficient>-0.013107238</NumeratorCoefficient>
              <NumeratorCoefficient>-0.014876263</NumeratorCoefficient>
              <NumeratorCoefficient>-0.012315809</NumeratorCoefficient>
              <NumeratorCoefficient>-0.0056732344</NumeratorCoefficient>
              <NumeratorCoefficient>0.0035677012</NumeratorCoefficient>
              <NumeratorCoefficient>0.012967969</NumeratorCoefficient>
              <NumeratorCoefficient>0.01971571</NumeratorCoefficient>
              <NumeratorCoefficient>0.021381119</NumeratorCoefficient>
              <NumeratorCoefficient>0.016656969</NumeratorCoefficient>
              <NumeratorCoefficient>0.005885467</NumeratorCoefficient>
              <NumeratorCoefficient>-0.0087886052</NumeratorCoefficient>
              <NumeratorCoefficient>-0.023714487</NumeratorCoefficient>
              <NumeratorCoefficient>-0.034448203</NumeratorCoefficient>
              <NumeratorCoefficient>-0.036739736</NumeratorCoefficient>
              <NumeratorCoefficient>-0.027573917</NumeratorCoefficient>
              <NumeratorCoefficient>-0.0060163674</NumeratorCoefficient>
              <NumeratorCoefficient>0.02635173</NumeratorCoefficient>
              <NumeratorCoefficient>0.065538791</NumeratorCoefficient>
              <NumeratorCoefficient>0.10579396</NumeratorCoefficient>
              <NumeratorCoefficient>0.14068136</NumeratorCoefficient>
              <NumeratorCoefficient>0.16435091</NumeratorCoefficient>
              <NumeratorCoefficient>0.17272727</NumeratorCoefficient>
            </FIR>
            <Decimation>
              <InputSampleRate unit="HERTZ">1000.0</InputSampleRate>
              <Factor>5</Factor>
              <Offset>0</Offset>
              <Delay>0.25</Delay>
              <Correction>0.25</Correction>
            </Decimation>
            <StageGain>
              <Value>1.0</Value>
              <Frequency>0.005</Frequency>
            </StageGain>
          </Stage>
        </Response>
      </Channel>
    </Station>
  </Network>
</FDSNStationXML>
