<?xml version='1.0' encoding='UTF-8'?>
<FDSNStationXML xmlns="http://www.fdsn.org/xml/station/1" schemaVersion="1.1">
  <Source>Jacob Kukovica, Ocean Netowrks Canada</Source>
  <Module>ObsPy 1.2.2</Module>
  <ModuleURI>https://www.obspy.org</ModuleURI>
  <Created>2020-09-17T15:36:20.478272Z</Created>
  <Network code="Tester">
    <Station code="NEW">
      <Latitude unit="DEGREES">1.0</Latitude>
      <Longitude unit="DEGREES">2.0</Longitude>
      <Elevation unit="METERS">999.0</Elevation>
      <Site>
        <Name>Brand New Station</Name>
      </Site>
      <CreationDate>2020-09-17T15:36:20.478272Z</CreationDate>
      <Channel code="ABC" startDate="2020-09-17T15:36:20.478272Z" locationCode="">
        <Latitude unit="DEGREES">1.0</Latitude>
        <Longitude unit="DEGREES">2.0</Longitude>
        <Elevation unit="METERS">999.0</Elevation>
        <Depth unit="METERS">999.0</Depth>
        <Azimuth unit="DEGREES">0.0</Azimuth>
        <Dip unit="DEGREES">-90.0</Dip>
        <Type>NEW INSTRUMENT</Type>
        <SampleRate>999.0</SampleRate>
        <Sensor>
          <Description>Description</Description>
          <SerialNumber>Num123</SerialNumber>
        </Sensor>
        <Equipment>
          <Description>Description</Description>
          <SerialNumber>Num123</SerialNumber>
        </Equipment>
      </Channel>
    </Station>
  </Network>
</FDSNStationXML>
